province,province_name_english,region,year,project_count,inheritor_count,IPR
上海市,Shanghai,East,2005,0,0,
上海市,Shanghai,East,2006,0,0,
上海市,Shanghai,East,2007,131,0,0.0
上海市,Shanghai,East,2008,131,0,0.0
上海市,Shanghai,East,2009,201,211,1.0497512437810943
上海市,Shanghai,East,2010,201,340,1.691542288557214
上海市,Shanghai,East,2011,247,340,1.3765182186234817
上海市,Shanghai,East,2012,247,453,1.834008097165992
上海市,Shanghai,East,2013,330,453,1.3727272727272728
上海市,Shanghai,East,2014,330,537,1.6272727272727272
上海市,Shanghai,East,2015,330,537,1.6272727272727272
上海市,Shanghai,East,2016,330,645,1.9545454545454544
上海市,Shanghai,East,2017,330,645,1.9545454545454544
上海市,Shanghai,East,2018,330,645,1.9545454545454544
上海市,Shanghai,East,2019,330,645,1.9545454545454544
上海市,Shanghai,East,2020,367,792,2.1580381471389645
上海市,Shanghai,East,2021,367,792,2.1580381471389645
上海市,Shanghai,East,2022,367,792,2.1580381471389645
上海市,Shanghai,East,2023,367,792,2.1580381471389645
上海市,Shanghai,East,2024,393,792,2.015267175572519
云南省,Yunnan,West,2005,0,0,
云南省,Yunnan,West,2006,171,36,0.2105263157894736
云南省,Yunnan,West,2007,171,36,0.2105263157894736
云南省,Yunnan,West,2008,171,36,0.2105263157894736
云南省,Yunnan,West,2009,304,122,0.4013157894736842
云南省,Yunnan,West,2010,304,122,0.4013157894736842
云南省,Yunnan,West,2011,304,122,0.4013157894736842
云南省,Yunnan,West,2012,304,122,0.4013157894736842
云南省,Yunnan,West,2013,397,184,0.4634760705289673
云南省,Yunnan,West,2014,397,184,0.4634760705289673
云南省,Yunnan,West,2015,397,184,0.4634760705289673
云南省,Yunnan,West,2016,397,184,0.4634760705289673
云南省,Yunnan,West,2017,625,340,0.544
云南省,Yunnan,West,2018,625,340,0.544
云南省,Yunnan,West,2019,625,340,0.544
云南省,Yunnan,West,2020,625,340,0.544
云南省,Yunnan,West,2021,625,340,0.544
云南省,Yunnan,West,2022,909,577,0.6347634763476347
云南省,Yunnan,West,2023,909,924,1.0165016501650166
云南省,Yunnan,West,2024,909,924,1.0165016501650166
内蒙古自治区,Inner Mongolia,West,2005,0,0,
内蒙古自治区,Inner Mongolia,West,2006,0,0,
内蒙古自治区,Inner Mongolia,West,2007,191,208,1.0890052356020945
内蒙古自治区,Inner Mongolia,West,2008,191,208,1.0890052356020945
内蒙古自治区,Inner Mongolia,West,2009,309,323,1.0453074433656957
内蒙古自治区,Inner Mongolia,West,2010,309,323,1.0453074433656957
内蒙古自治区,Inner Mongolia,West,2011,384,399,1.0390625
内蒙古自治区,Inner Mongolia,West,2012,384,399,1.0390625
内蒙古自治区,Inner Mongolia,West,2013,454,564,1.2422907488986783
内蒙古自治区,Inner Mongolia,West,2014,454,564,1.2422907488986783
内蒙古自治区,Inner Mongolia,West,2015,560,730,1.3035714285714286
内蒙古自治区,Inner Mongolia,West,2016,560,730,1.3035714285714286
内蒙古自治区,Inner Mongolia,West,2017,560,730,1.3035714285714286
内蒙古自治区,Inner Mongolia,West,2018,744,768,1.032258064516129
内蒙古自治区,Inner Mongolia,West,2019,744,768,1.032258064516129
内蒙古自治区,Inner Mongolia,West,2020,744,768,1.032258064516129
内蒙古自治区,Inner Mongolia,West,2021,744,768,1.032258064516129
内蒙古自治区,Inner Mongolia,West,2022,830,888,1.069879518072289
内蒙古自治区,Inner Mongolia,West,2023,830,888,1.069879518072289
内蒙古自治区,Inner Mongolia,West,2024,830,888,1.069879518072289
北京市,Beijing,East,2005,0,0,
北京市,Beijing,East,2006,36,0,0.0
北京市,Beijing,East,2007,144,0,0.0
北京市,Beijing,East,2008,145,159,1.096551724137931
北京市,Beijing,East,2009,211,159,0.7535545023696683
北京市,Beijing,East,2010,212,159,0.75
北京市,Beijing,East,2011,213,205,0.9624413145539906
北京市,Beijing,East,2012,214,205,0.9579439252336448
北京市,Beijing,East,2013,215,205,0.9534883720930232
北京市,Beijing,East,2014,245,205,0.8367346938775511
北京市,Beijing,East,2015,246,280,1.1382113821138211
北京市,Beijing,East,2016,247,280,1.1336032388663968
北京市,Beijing,East,2017,248,280,1.1290322580645162
北京市,Beijing,East,2018,249,280,1.1244979919678717
北京市,Beijing,East,2019,250,280,1.12
北京市,Beijing,East,2020,251,280,1.1155378486055776
北京市,Beijing,East,2021,299,280,0.9364548494983278
北京市,Beijing,East,2022,299,280,0.9364548494983278
北京市,Beijing,East,2023,299,280,0.9364548494983278
北京市,Beijing,East,2024,299,280,0.9364548494983278
吉林省,Jilin,Northeast,2005,0,0,
吉林省,Jilin,Northeast,2006,0,0,
吉林省,Jilin,Northeast,2007,82,0,0.0
吉林省,Jilin,Northeast,2008,82,0,0.0
吉林省,Jilin,Northeast,2009,198,0,0.0
吉林省,Jilin,Northeast,2010,198,0,0.0
吉林省,Jilin,Northeast,2011,300,0,0.0
吉林省,Jilin,Northeast,2012,300,0,0.0
吉林省,Jilin,Northeast,2013,300,0,0.0
吉林省,Jilin,Northeast,2014,300,0,0.0
吉林省,Jilin,Northeast,2015,300,34,0.1133333333333333
吉林省,Jilin,Northeast,2016,350,70,0.2
吉林省,Jilin,Northeast,2017,350,70,0.2
吉林省,Jilin,Northeast,2018,350,70,0.2
吉林省,Jilin,Northeast,2019,372,70,0.1881720430107527
吉林省,Jilin,Northeast,2020,372,70,0.1881720430107527
吉林省,Jilin,Northeast,2021,442,131,0.2963800904977375
吉林省,Jilin,Northeast,2022,442,131,0.2963800904977375
吉林省,Jilin,Northeast,2023,442,215,0.4864253393665158
吉林省,Jilin,Northeast,2024,442,215,0.4864253393665158
四川省,Sichuan,West,2005,0,0,
四川省,Sichuan,West,2006,0,0,
四川省,Sichuan,West,2007,255,0,0.0
四川省,Sichuan,West,2008,255,60,0.2352941176470588
四川省,Sichuan,West,2009,442,109,0.2466063348416289
四川省,Sichuan,West,2010,442,358,0.8099547511312217
四川省,Sichuan,West,2011,593,546,0.920741989881956
四川省,Sichuan,West,2012,593,654,1.102866779089376
四川省,Sichuan,West,2013,593,654,1.102866779089376
四川省,Sichuan,West,2014,662,654,0.9879154078549848
四川省,Sichuan,West,2015,662,654,0.9879154078549848
四川省,Sichuan,West,2016,662,736,1.1117824773413898
四川省,Sichuan,West,2017,662,736,1.1117824773413898
四川省,Sichuan,West,2018,752,736,0.9787234042553192
四川省,Sichuan,West,2019,752,736,0.9787234042553192
四川省,Sichuan,West,2020,752,736,0.9787234042553192
四川省,Sichuan,West,2021,752,1046,1.3909574468085106
四川省,Sichuan,West,2022,1083,1046,0.9658356417359188
四川省,Sichuan,West,2023,1083,1046,0.9658356417359188
四川省,Sichuan,West,2024,1083,1046,0.9658356417359188
天津市,Tianjin,East,2005,0,0,
天津市,Tianjin,East,2006,0,0,
天津市,Tianjin,East,2007,32,0,0.0
天津市,Tianjin,East,2008,32,0,0.0
天津市,Tianjin,East,2009,83,0,0.0
天津市,Tianjin,East,2010,99,0,0.0
天津市,Tianjin,East,2011,99,119,1.202020202020202
天津市,Tianjin,East,2012,99,119,1.202020202020202
天津市,Tianjin,East,2013,163,119,0.7300613496932515
天津市,Tianjin,East,2014,163,119,0.7300613496932515
天津市,Tianjin,East,2015,163,221,1.3558282208588956
天津市,Tianjin,East,2016,163,221,1.3558282208588956
天津市,Tianjin,East,2017,258,221,0.8565891472868217
天津市,Tianjin,East,2018,258,221,0.8565891472868217
天津市,Tianjin,East,2019,258,282,1.0930232558139534
天津市,Tianjin,East,2020,258,282,1.0930232558139534
天津市,Tianjin,East,2021,258,282,1.0930232558139534
天津市,Tianjin,East,2022,383,282,0.7362924281984334
天津市,Tianjin,East,2023,383,282,0.7362924281984334
天津市,Tianjin,East,2024,383,282,0.7362924281984334
宁夏回族自治区,Ningxia,West,2005,0,0,
宁夏回族自治区,Ningxia,West,2006,0,0,
宁夏回族自治区,Ningxia,West,2007,51,0,0.0
宁夏回族自治区,Ningxia,West,2008,51,25,0.4901960784313725
宁夏回族自治区,Ningxia,West,2009,73,25,0.3424657534246575
宁夏回族自治区,Ningxia,West,2010,73,87,1.1917808219178083
宁夏回族自治区,Ningxia,West,2011,73,87,1.1917808219178083
宁夏回族自治区,Ningxia,West,2012,88,143,1.625
宁夏回族自治区,Ningxia,West,2013,88,143,1.625
宁夏回族自治区,Ningxia,West,2014,88,143,1.625
宁夏回族自治区,Ningxia,West,2015,88,143,1.625
宁夏回族自治区,Ningxia,West,2016,119,176,1.4789915966386555
宁夏回族自治区,Ningxia,West,2017,119,176,1.4789915966386555
宁夏回族自治区,Ningxia,West,2018,119,176,1.4789915966386555
宁夏回族自治区,Ningxia,West,2019,156,176,1.1282051282051282
宁夏回族自治区,Ningxia,West,2020,156,249,1.5961538461538465
宁夏回族自治区,Ningxia,West,2021,238,249,1.046218487394958
宁夏回族自治区,Ningxia,West,2022,238,378,1.588235294117647
宁夏回族自治区,Ningxia,West,2023,238,378,1.588235294117647
宁夏回族自治区,Ningxia,West,2024,303,378,1.2475247524752475
安徽省,Anhui,Central,2005,0,0,
安徽省,Anhui,Central,2006,153,30,0.196078431372549
安徽省,Anhui,Central,2007,153,30,0.196078431372549
安徽省,Anhui,Central,2008,297,153,0.5151515151515151
安徽省,Anhui,Central,2009,297,153,0.5151515151515151
安徽省,Anhui,Central,2010,388,153,0.3943298969072165
安徽省,Anhui,Central,2011,388,333,0.8582474226804123
安徽省,Anhui,Central,2012,388,333,0.8582474226804123
安徽省,Anhui,Central,2013,388,333,0.8582474226804123
安徽省,Anhui,Central,2014,473,409,0.864693446088795
安徽省,Anhui,Central,2015,473,576,1.2177589852008457
安徽省,Anhui,Central,2016,473,576,1.2177589852008457
安徽省,Anhui,Central,2017,631,576,0.91283676703645
安徽省,Anhui,Central,2018,631,576,0.91283676703645
安徽省,Anhui,Central,2019,631,792,1.255150554675119
安徽省,Anhui,Central,2020,631,792,1.255150554675119
安徽省,Anhui,Central,2021,631,792,1.255150554675119
安徽省,Anhui,Central,2022,778,792,1.0179948586118253
安徽省,Anhui,Central,2023,778,792,1.0179948586118253
安徽省,Anhui,Central,2024,778,792,1.0179948586118253
山东省,Shandong,East,2005,0,0,
山东省,Shandong,East,2006,198,0,0.0
山东省,Shandong,East,2007,198,73,0.3686868686868687
山东省,Shandong,East,2008,198,73,0.3686868686868687
山东省,Shandong,East,2009,401,201,0.5012468827930174
山东省,Shandong,East,2010,401,201,0.5012468827930174
山东省,Shandong,East,2011,401,264,0.6583541147132169
山东省,Shandong,East,2012,401,264,0.6583541147132169
山东省,Shandong,East,2013,527,264,0.5009487666034156
山东省,Shandong,East,2014,527,335,0.635673624288425
山东省,Shandong,East,2015,527,335,0.635673624288425
山东省,Shandong,East,2016,704,335,0.4758522727272727
山东省,Shandong,East,2017,704,335,0.4758522727272727
山东省,Shandong,East,2018,704,502,0.7130681818181818
山东省,Shandong,East,2019,704,502,0.7130681818181818
山东省,Shandong,East,2020,704,502,0.7130681818181818
山东省,Shandong,East,2021,985,502,0.5096446700507614
山东省,Shandong,East,2022,985,502,0.5096446700507614
山东省,Shandong,East,2023,985,831,0.8436548223350254
山东省,Shandong,East,2024,985,831,0.8436548223350254
山西省,Shanxi,Central,2005,0,0,
山西省,Shanxi,Central,2006,157,0,0.0
山西省,Shanxi,Central,2007,157,0,0.0
山西省,Shanxi,Central,2008,157,109,0.6942675159235668
山西省,Shanxi,Central,2009,310,109,0.3516129032258064
山西省,Shanxi,Central,2010,310,227,0.7322580645161291
山西省,Shanxi,Central,2011,405,613,1.5135802469135802
山西省,Shanxi,Central,2012,405,613,1.5135802469135802
山西省,Shanxi,Central,2013,455,613,1.3472527472527474
山西省,Shanxi,Central,2014,455,613,1.3472527472527474
山西省,Shanxi,Central,2015,455,815,1.7912087912087913
山西省,Shanxi,Central,2016,455,815,1.7912087912087913
山西省,Shanxi,Central,2017,679,815,1.200294550810015
山西省,Shanxi,Central,2018,679,815,1.200294550810015
山西省,Shanxi,Central,2019,679,1109,1.6332842415316642
山西省,Shanxi,Central,2020,679,1109,1.6332842415316642
山西省,Shanxi,Central,2021,679,1109,1.6332842415316642
山西省,Shanxi,Central,2022,679,1109,1.6332842415316642
山西省,Shanxi,Central,2023,895,1427,1.594413407821229
山西省,Shanxi,Central,2024,895,1427,1.594413407821229
广东省,Guangdong,East,2005,0,0,
广东省,Guangdong,East,2006,78,72,0.9230769230769232
广东省,Guangdong,East,2007,210,116,0.5523809523809524
广东省,Guangdong,East,2008,210,116,0.5523809523809524
广东省,Guangdong,East,2009,324,162,0.5
广东省,Guangdong,East,2010,324,162,0.5
广东省,Guangdong,East,2011,324,162,0.5
广东省,Guangdong,East,2012,426,275,0.6455399061032864
广东省,Guangdong,East,2013,501,386,0.7704590818363274
广东省,Guangdong,East,2014,501,386,0.7704590818363274
广东省,Guangdong,East,2015,670,494,0.7373134328358208
广东省,Guangdong,East,2016,670,494,0.7373134328358208
广东省,Guangdong,East,2017,670,494,0.7373134328358208
广东省,Guangdong,East,2018,760,494,0.65
广东省,Guangdong,East,2019,760,494,0.65
广东省,Guangdong,East,2020,760,494,0.65
广东省,Guangdong,East,2021,760,494,0.65
广东省,Guangdong,East,2022,844,494,0.5853080568720379
广东省,Guangdong,East,2023,844,494,0.5853080568720379
广东省,Guangdong,East,2024,844,494,0.5853080568720379
广西壮族自治区,Guangxi,West,2005,0,0,
广西壮族自治区,Guangxi,West,2006,0,0,
广西壮族自治区,Guangxi,West,2007,20,0,0.0
广西壮族自治区,Guangxi,West,2008,57,41,0.7192982456140351
广西壮族自治区,Guangxi,West,2009,57,119,2.087719298245614
广西壮族自治区,Guangxi,West,2010,118,119,1.0084745762711864
广西壮族自治区,Guangxi,West,2011,118,240,2.0338983050847457
广西壮族自治区,Guangxi,West,2012,142,240,1.6901408450704225
广西壮族自治区,Guangxi,West,2013,142,240,1.6901408450704225
广西壮族自治区,Guangxi,West,2014,193,240,1.243523316062176
广西壮族自治区,Guangxi,West,2015,193,395,2.046632124352332
广西壮族自治区,Guangxi,West,2016,331,395,1.1933534743202416
广西壮族自治区,Guangxi,West,2017,331,555,1.6767371601208458
广西壮族自治区,Guangxi,West,2018,472,555,1.1758474576271187
广西壮族自治区,Guangxi,West,2019,472,743,1.5741525423728813
广西壮族自治区,Guangxi,West,2020,472,743,1.5741525423728813
广西壮族自治区,Guangxi,West,2021,624,743,1.1907051282051282
广西壮族自治区,Guangxi,West,2022,624,936,1.5
广西壮族自治区,Guangxi,West,2023,624,936,1.5
广西壮族自治区,Guangxi,West,2024,624,936,1.5
新疆维吾尔自治区,Xinjiang,West,2005,0,0,
新疆维吾尔自治区,Xinjiang,West,2006,0,0,
新疆维吾尔自治区,Xinjiang,West,2007,146,0,0.0
新疆维吾尔自治区,Xinjiang,West,2008,146,229,1.5684931506849316
新疆维吾尔自治区,Xinjiang,West,2009,275,357,1.298181818181818
新疆维吾尔自治区,Xinjiang,West,2010,275,357,1.298181818181818
新疆维吾尔自治区,Xinjiang,West,2011,275,357,1.298181818181818
新疆维吾尔自治区,Xinjiang,West,2012,329,432,1.3130699088145896
新疆维吾尔自治区,Xinjiang,West,2013,409,432,1.0562347188264058
新疆维吾尔自治区,Xinjiang,West,2014,409,533,1.3031784841075795
新疆维吾尔自治区,Xinjiang,West,2015,409,533,1.3031784841075795
新疆维吾尔自治区,Xinjiang,West,2016,409,533,1.3031784841075795
新疆维吾尔自治区,Xinjiang,West,2017,409,533,1.3031784841075795
新疆维吾尔自治区,Xinjiang,West,2018,453,533,1.1766004415011038
新疆维吾尔自治区,Xinjiang,West,2019,453,574,1.2671081677704197
新疆维吾尔自治区,Xinjiang,West,2020,453,574,1.2671081677704197
新疆维吾尔自治区,Xinjiang,West,2021,453,574,1.2671081677704197
新疆维吾尔自治区,Xinjiang,West,2022,453,574,1.2671081677704197
新疆维吾尔自治区,Xinjiang,West,2023,453,574,1.2671081677704197
新疆维吾尔自治区,Xinjiang,West,2024,453,574,1.2671081677704197
江苏省,Jiangsu,East,2005,0,0,
江苏省,Jiangsu,East,2006,0,31,
江苏省,Jiangsu,East,2007,167,31,0.18562874251497
江苏省,Jiangsu,East,2008,167,251,1.502994011976048
江苏省,Jiangsu,East,2009,388,251,0.6469072164948454
江苏省,Jiangsu,East,2010,388,363,0.9355670103092784
江苏省,Jiangsu,East,2011,501,363,0.7245508982035929
江苏省,Jiangsu,East,2012,501,363,0.7245508982035929
江苏省,Jiangsu,East,2013,501,363,0.7245508982035929
江苏省,Jiangsu,East,2014,501,532,1.06187624750499
江苏省,Jiangsu,East,2015,745,532,0.7140939597315437
江苏省,Jiangsu,East,2016,745,532,0.7140939597315437
江苏省,Jiangsu,East,2017,745,532,0.7140939597315437
江苏省,Jiangsu,East,2018,745,532,0.7140939597315437
江苏省,Jiangsu,East,2019,745,532,0.7140939597315437
江苏省,Jiangsu,East,2020,745,820,1.1006711409395973
江苏省,Jiangsu,East,2021,745,820,1.1006711409395973
江苏省,Jiangsu,East,2022,745,820,1.1006711409395973
江苏省,Jiangsu,East,2023,1166,820,0.7032590051457976
江苏省,Jiangsu,East,2024,1166,820,0.7032590051457976
江西省,Jiangxi,Central,2005,83,84,1.0120481927710845
江西省,Jiangxi,Central,2006,83,84,1.0120481927710845
江西省,Jiangxi,Central,2007,83,84,1.0120481927710845
江西省,Jiangxi,Central,2008,164,252,1.5365853658536586
江西省,Jiangxi,Central,2009,164,252,1.5365853658536586
江西省,Jiangxi,Central,2010,371,421,1.1347708894878703
江西省,Jiangxi,Central,2011,371,421,1.1347708894878703
江西省,Jiangxi,Central,2012,371,421,1.1347708894878703
江西省,Jiangxi,Central,2013,478,568,1.188284518828452
江西省,Jiangxi,Central,2014,478,568,1.188284518828452
江西省,Jiangxi,Central,2015,478,568,1.188284518828452
江西省,Jiangxi,Central,2016,478,568,1.188284518828452
江西省,Jiangxi,Central,2017,538,602,1.1189591078066914
江西省,Jiangxi,Central,2018,538,602,1.1189591078066914
江西省,Jiangxi,Central,2019,538,602,1.1189591078066914
江西省,Jiangxi,Central,2020,538,602,1.1189591078066914
江西省,Jiangxi,Central,2021,538,602,1.1189591078066914
江西省,Jiangxi,Central,2022,538,602,1.1189591078066914
江西省,Jiangxi,Central,2023,538,602,1.1189591078066914
江西省,Jiangxi,Central,2024,538,602,1.1189591078066914
河北省,Hebei,East,2005,0,0,
河北省,Hebei,East,2006,129,0,0.0
河北省,Hebei,East,2007,234,0,0.0
河北省,Hebei,East,2008,234,260,1.1111111111111112
河北省,Hebei,East,2009,407,260,0.6388206388206388
河北省,Hebei,East,2010,407,407,1.0
河北省,Hebei,East,2011,407,407,1.0
河北省,Hebei,East,2012,530,407,0.7679245283018868
河北省,Hebei,East,2013,677,490,0.723781388478582
河北省,Hebei,East,2014,677,490,0.723781388478582
河北省,Hebei,East,2015,677,619,0.914327917282127
河北省,Hebei,East,2016,677,619,0.914327917282127
河北省,Hebei,East,2017,816,619,0.758578431372549
河北省,Hebei,East,2018,816,877,1.0747549019607845
河北省,Hebei,East,2019,974,877,0.9004106776180698
河北省,Hebei,East,2020,974,877,0.9004106776180698
河北省,Hebei,East,2021,974,877,0.9004106776180698
河北省,Hebei,East,2022,974,877,0.9004106776180698
河北省,Hebei,East,2023,974,877,0.9004106776180698
河北省,Hebei,East,2024,974,1052,1.080082135523614
河南省,Henan,Central,2005,0,0,
河南省,Henan,Central,2006,0,0,
河南省,Henan,Central,2007,177,0,0.0
河南省,Henan,Central,2008,177,221,1.2485875706214689
河南省,Henan,Central,2009,324,221,0.6820987654320988
河南省,Henan,Central,2010,324,452,1.3950617283950617
河南省,Henan,Central,2011,476,452,0.9495798319327732
河南省,Henan,Central,2012,476,452,0.9495798319327732
河南省,Henan,Central,2013,476,641,1.346638655462185
河南省,Henan,Central,2014,476,641,1.346638655462185
河南省,Henan,Central,2015,627,641,1.022328548644338
河南省,Henan,Central,2016,627,641,1.022328548644338
河南省,Henan,Central,2017,627,831,1.325358851674641
河南省,Henan,Central,2018,627,831,1.325358851674641
河南省,Henan,Central,2019,627,831,1.325358851674641
河南省,Henan,Central,2020,627,831,1.325358851674641
河南省,Henan,Central,2021,873,1146,1.3127147766323024
河南省,Henan,Central,2022,873,1146,1.3127147766323024
河南省,Henan,Central,2023,873,1146,1.3127147766323024
河南省,Henan,Central,2024,873,1146,1.3127147766323024
浙江省,Zhejiang,East,2005,121,0,0.0
浙江省,Zhejiang,East,2006,121,0,0.0
浙江省,Zhejiang,East,2007,482,0,0.0
浙江省,Zhejiang,East,2008,482,324,0.6721991701244814
浙江省,Zhejiang,East,2009,788,733,0.9302030456852792
浙江省,Zhejiang,East,2010,788,733,0.9302030456852792
浙江省,Zhejiang,East,2011,788,733,0.9302030456852792
浙江省,Zhejiang,East,2012,1020,733,0.7186274509803922
浙江省,Zhejiang,East,2013,1020,930,0.9117647058823528
浙江省,Zhejiang,East,2014,1020,930,0.9117647058823528
浙江省,Zhejiang,East,2015,1020,930,0.9117647058823528
浙江省,Zhejiang,East,2016,1142,930,0.8143607705779334
浙江省,Zhejiang,East,2017,1142,1209,1.0586690017513134
浙江省,Zhejiang,East,2018,1142,1209,1.0586690017513134
浙江省,Zhejiang,East,2019,1142,1209,1.0586690017513134
浙江省,Zhejiang,East,2020,1142,1209,1.0586690017513134
浙江省,Zhejiang,East,2021,1142,1435,1.2565674255691768
浙江省,Zhejiang,East,2022,1142,1435,1.2565674255691768
浙江省,Zhejiang,East,2023,1252,1435,1.1461661341853036
浙江省,Zhejiang,East,2024,1252,1435,1.1461661341853036
海南省,Hainan,East,2005,0,21,
海南省,Hainan,East,2006,0,21,
海南省,Hainan,East,2007,0,86,
海南省,Hainan,East,2008,0,86,
海南省,Hainan,East,2009,0,112,
海南省,Hainan,East,2010,0,112,
海南省,Hainan,East,2011,0,112,
海南省,Hainan,East,2012,77,150,1.948051948051948
海南省,Hainan,East,2013,77,150,1.948051948051948
海南省,Hainan,East,2014,77,150,1.948051948051948
海南省,Hainan,East,2015,77,150,1.948051948051948
海南省,Hainan,East,2016,77,150,1.948051948051948
海南省,Hainan,East,2017,87,150,1.7241379310344829
海南省,Hainan,East,2018,87,150,1.7241379310344829
海南省,Hainan,East,2019,87,150,1.7241379310344829
海南省,Hainan,East,2020,87,150,1.7241379310344829
海南省,Hainan,East,2021,87,150,1.7241379310344829
海南省,Hainan,East,2022,87,150,1.7241379310344829
海南省,Hainan,East,2023,87,150,1.7241379310344829
海南省,Hainan,East,2024,87,150,1.7241379310344829
湖北省,Hubei,Central,2005,0,0,
湖北省,Hubei,Central,2006,0,0,
湖北省,Hubei,Central,2007,113,183,1.6194690265486726
湖北省,Hubei,Central,2008,113,183,1.6194690265486726
湖北省,Hubei,Central,2009,206,299,1.4514563106796117
湖北省,Hubei,Central,2010,206,299,1.4514563106796117
湖北省,Hubei,Central,2011,297,451,1.5185185185185186
湖北省,Hubei,Central,2012,297,451,1.5185185185185186
湖北省,Hubei,Central,2013,401,570,1.4214463840399003
湖北省,Hubei,Central,2014,401,570,1.4214463840399003
湖北省,Hubei,Central,2015,401,570,1.4214463840399003
湖北省,Hubei,Central,2016,477,570,1.1949685534591197
湖北省,Hubei,Central,2017,477,570,1.1949685534591197
湖北省,Hubei,Central,2018,477,570,1.1949685534591197
湖北省,Hubei,Central,2019,477,669,1.4025157232704402
湖北省,Hubei,Central,2020,519,788,1.5183044315992291
湖北省,Hubei,Central,2021,519,788,1.5183044315992291
湖北省,Hubei,Central,2022,519,788,1.5183044315992291
湖北省,Hubei,Central,2023,519,788,1.5183044315992291
湖北省,Hubei,Central,2024,519,788,1.5183044315992291
湖南省,Hunan,Central,2005,0,88,
湖南省,Hunan,Central,2006,91,88,0.967032967032967
湖南省,Hunan,Central,2007,91,88,0.967032967032967
湖南省,Hunan,Central,2008,91,88,0.967032967032967
湖南省,Hunan,Central,2009,194,174,0.8969072164948454
湖南省,Hunan,Central,2010,194,174,0.8969072164948454
湖南省,Hunan,Central,2011,194,174,0.8969072164948454
湖南省,Hunan,Central,2012,194,174,0.8969072164948454
湖南省,Hunan,Central,2013,264,269,1.018939393939394
湖南省,Hunan,Central,2014,264,269,1.018939393939394
湖南省,Hunan,Central,2015,264,269,1.018939393939394
湖南省,Hunan,Central,2016,351,373,1.0626780626780628
湖南省,Hunan,Central,2017,351,373,1.0626780626780628
湖南省,Hunan,Central,2018,351,373,1.0626780626780628
湖南省,Hunan,Central,2019,351,373,1.0626780626780628
湖南省,Hunan,Central,2020,351,373,1.0626780626780628
湖南省,Hunan,Central,2021,351,699,1.9914529914529917
湖南省,Hunan,Central,2022,455,699,1.5362637362637364
湖南省,Hunan,Central,2023,709,699,0.9858956276445698
湖南省,Hunan,Central,2024,709,699,0.9858956276445698
甘肃省,Gansu,West,2005,0,0,
甘肃省,Gansu,West,2006,113,161,1.424778761061947
甘肃省,Gansu,West,2007,113,161,1.424778761061947
甘肃省,Gansu,West,2008,223,438,1.9641255605381165
甘肃省,Gansu,West,2009,223,438,1.9641255605381165
甘肃省,Gansu,West,2010,223,438,1.9641255605381165
甘肃省,Gansu,West,2011,334,608,1.8203592814371257
甘肃省,Gansu,West,2012,334,608,1.8203592814371257
甘肃省,Gansu,West,2013,334,608,1.8203592814371257
甘肃省,Gansu,West,2014,334,608,1.8203592814371257
甘肃省,Gansu,West,2015,334,608,1.8203592814371257
甘肃省,Gansu,West,2016,334,608,1.8203592814371257
甘肃省,Gansu,West,2017,493,619,1.255578093306288
甘肃省,Gansu,West,2018,493,619,1.255578093306288
甘肃省,Gansu,West,2019,493,619,1.255578093306288
甘肃省,Gansu,West,2020,493,619,1.255578093306288
甘肃省,Gansu,West,2021,493,619,1.255578093306288
甘肃省,Gansu,West,2022,493,619,1.255578093306288
甘肃省,Gansu,West,2023,493,746,1.513184584178499
甘肃省,Gansu,West,2024,493,746,1.513184584178499
福建省,Fujian,East,2005,123,0,0.0
福建省,Fujian,East,2006,123,0,0.0
福建省,Fujian,East,2007,238,0,0.0
福建省,Fujian,East,2008,238,230,0.9663865546218487
福建省,Fujian,East,2009,338,230,0.6804733727810651
福建省,Fujian,East,2010,338,408,1.2071005917159765
福建省,Fujian,East,2011,403,408,1.0124069478908189
福建省,Fujian,East,2012,403,408,1.0124069478908189
福建省,Fujian,East,2013,403,408,1.0124069478908189
福建省,Fujian,East,2014,403,548,1.3598014888337469
福建省,Fujian,East,2015,403,548,1.3598014888337469
福建省,Fujian,East,2016,403,548,1.3598014888337469
福建省,Fujian,East,2017,467,548,1.1734475374732334
福建省,Fujian,East,2018,467,730,1.563169164882227
福建省,Fujian,East,2019,538,730,1.3568773234200744
福建省,Fujian,East,2020,538,730,1.3568773234200744
福建省,Fujian,East,2021,538,912,1.695167286245353
福建省,Fujian,East,2022,695,912,1.3122302158273382
福建省,Fujian,East,2023,695,912,1.3122302158273382
福建省,Fujian,East,2024,695,912,1.3122302158273382
西藏自治区,Xizang,West,2005,0,0,
西藏自治区,Xizang,West,2006,38,133,3.5
西藏自治区,Xizang,West,2007,120,226,1.8833333333333333
西藏自治区,Xizang,West,2008,120,226,1.8833333333333333
西藏自治区,Xizang,West,2009,223,350,1.5695067264573992
西藏自治区,Xizang,West,2010,223,350,1.5695067264573992
西藏自治区,Xizang,West,2011,223,350,1.5695067264573992
西藏自治区,Xizang,West,2012,223,350,1.5695067264573992
西藏自治区,Xizang,West,2013,324,520,1.6049382716049383
西藏自治区,Xizang,West,2014,324,520,1.6049382716049383
西藏自治区,Xizang,West,2015,324,520,1.6049382716049383
西藏自治区,Xizang,West,2016,324,520,1.6049382716049383
西藏自治区,Xizang,West,2017,324,520,1.6049382716049383
西藏自治区,Xizang,West,2018,461,657,1.4251626898047722
西藏自治区,Xizang,West,2019,461,657,1.4251626898047722
西藏自治区,Xizang,West,2020,461,657,1.4251626898047722
西藏自治区,Xizang,West,2021,461,657,1.4251626898047722
西藏自治区,Xizang,West,2022,461,657,1.4251626898047722
西藏自治区,Xizang,West,2023,461,657,1.4251626898047722
西藏自治区,Xizang,West,2024,461,657,1.4251626898047722
贵州省,Guizhou,West,2005,91,105,1.1538461538461535
贵州省,Guizhou,West,2006,91,105,1.1538461538461535
贵州省,Guizhou,West,2007,347,235,0.6772334293948127
贵州省,Guizhou,West,2008,347,235,0.6772334293948127
贵州省,Guizhou,West,2009,567,294,0.5185185185185185
贵州省,Guizhou,West,2010,567,294,0.5185185185185185
贵州省,Guizhou,West,2011,567,294,0.5185185185185185
贵州省,Guizhou,West,2012,567,294,0.5185185185185185
贵州省,Guizhou,West,2013,567,294,0.5185185185185185
贵州省,Guizhou,West,2014,567,294,0.5185185185185185
贵州省,Guizhou,West,2015,706,406,0.5750708215297451
贵州省,Guizhou,West,2016,706,406,0.5750708215297451
贵州省,Guizhou,West,2017,706,406,0.5750708215297451
贵州省,Guizhou,West,2018,706,406,0.5750708215297451
贵州省,Guizhou,West,2019,706,406,0.5750708215297451
贵州省,Guizhou,West,2020,706,406,0.5750708215297451
贵州省,Guizhou,West,2021,706,406,0.5750708215297451
贵州省,Guizhou,West,2022,1020,654,0.6411764705882353
贵州省,Guizhou,West,2023,1020,654,0.6411764705882353
贵州省,Guizhou,West,2024,1020,712,0.6980392156862745
辽宁省,Liaoning,Northeast,2005,0,0,
辽宁省,Liaoning,Northeast,2006,60,0,0.0
辽宁省,Liaoning,Northeast,2007,114,22,0.1929824561403508
辽宁省,Liaoning,Northeast,2008,114,22,0.1929824561403508
辽宁省,Liaoning,Northeast,2009,155,81,0.5225806451612903
辽宁省,Liaoning,Northeast,2010,155,81,0.5225806451612903
辽宁省,Liaoning,Northeast,2011,190,220,1.1578947368421053
辽宁省,Liaoning,Northeast,2012,190,220,1.1578947368421053
辽宁省,Liaoning,Northeast,2013,190,220,1.1578947368421053
辽宁省,Liaoning,Northeast,2014,190,220,1.1578947368421053
辽宁省,Liaoning,Northeast,2015,248,220,0.8870967741935484
辽宁省,Liaoning,Northeast,2016,248,220,0.8870967741935484
辽宁省,Liaoning,Northeast,2017,248,220,0.8870967741935484
辽宁省,Liaoning,Northeast,2018,248,220,0.8870967741935484
辽宁省,Liaoning,Northeast,2019,248,220,0.8870967741935484
辽宁省,Liaoning,Northeast,2020,294,220,0.7482993197278912
辽宁省,Liaoning,Northeast,2021,294,220,0.7482993197278912
辽宁省,Liaoning,Northeast,2022,294,220,0.7482993197278912
辽宁省,Liaoning,Northeast,2023,294,220,0.7482993197278912
辽宁省,Liaoning,Northeast,2024,294,220,0.7482993197278912
重庆市,Chongqing,West,2005,0,0,
重庆市,Chongqing,West,2006,0,0,
重庆市,Chongqing,West,2007,62,161,2.596774193548387
重庆市,Chongqing,West,2008,62,161,2.596774193548387
重庆市,Chongqing,West,2009,165,289,1.7515151515151517
重庆市,Chongqing,West,2010,165,289,1.7515151515151517
重庆市,Chongqing,West,2011,284,405,1.426056338028169
重庆市,Chongqing,West,2012,284,405,1.426056338028169
重庆市,Chongqing,West,2013,284,405,1.426056338028169
重庆市,Chongqing,West,2014,394,405,1.0279187817258884
重庆市,Chongqing,West,2015,394,405,1.0279187817258884
重庆市,Chongqing,West,2016,521,547,1.0499040307101728
重庆市,Chongqing,West,2017,521,547,1.0499040307101728
重庆市,Chongqing,West,2018,521,547,1.0499040307101728
重庆市,Chongqing,West,2019,755,787,1.042384105960265
重庆市,Chongqing,West,2020,755,787,1.042384105960265
重庆市,Chongqing,West,2021,755,787,1.042384105960265
重庆市,Chongqing,West,2022,755,787,1.042384105960265
重庆市,Chongqing,West,2023,755,787,1.042384105960265
重庆市,Chongqing,West,2024,755,787,1.042384105960265
陕西省,Shaanxi,West,2005,0,0,
陕西省,Shaanxi,West,2006,0,0,
陕西省,Shaanxi,West,2007,144,0,0.0
陕西省,Shaanxi,West,2008,144,117,0.8125
陕西省,Shaanxi,West,2009,243,117,0.4814814814814814
陕西省,Shaanxi,West,2010,243,205,0.8436213991769548
陕西省,Shaanxi,West,2011,359,205,0.5710306406685237
陕西省,Shaanxi,West,2012,359,245,0.6824512534818942
陕西省,Shaanxi,West,2013,439,245,0.5580865603644647
陕西省,Shaanxi,West,2014,439,305,0.6947608200455581
陕西省,Shaanxi,West,2015,516,305,0.5910852713178295
陕西省,Shaanxi,West,2016,516,305,0.5910852713178295
陕西省,Shaanxi,West,2017,516,403,0.7810077519379846
陕西省,Shaanxi,West,2018,596,403,0.6761744966442953
陕西省,Shaanxi,West,2019,596,492,0.825503355704698
陕西省,Shaanxi,West,2020,596,492,0.825503355704698
陕西省,Shaanxi,West,2021,596,492,0.825503355704698
陕西省,Shaanxi,West,2022,685,492,0.7182481751824817
陕西省,Shaanxi,West,2023,685,593,0.8656934306569343
陕西省,Shaanxi,West,2024,685,593,0.8656934306569343
青海省,Qinghai,West,2005,0,0,
青海省,Qinghai,West,2006,91,151,1.6593406593406594
青海省,Qinghai,West,2007,209,197,0.9425837320574164
青海省,Qinghai,West,2008,209,197,0.9425837320574164
青海省,Qinghai,West,2009,281,263,0.9359430604982206
青海省,Qinghai,West,2010,281,263,0.9359430604982206
青海省,Qinghai,West,2011,281,263,0.9359430604982206
青海省,Qinghai,West,2012,281,263,0.9359430604982206
青海省,Qinghai,West,2013,380,370,0.9736842105263158
青海省,Qinghai,West,2014,380,370,0.9736842105263158
青海省,Qinghai,West,2015,380,370,0.9736842105263158
青海省,Qinghai,West,2016,380,370,0.9736842105263158
青海省,Qinghai,West,2017,383,370,0.9660574412532638
青海省,Qinghai,West,2018,563,547,0.9715808170515098
青海省,Qinghai,West,2019,564,547,0.9698581560283688
青海省,Qinghai,West,2020,564,547,0.9698581560283688
青海省,Qinghai,West,2021,564,547,0.9698581560283688
青海省,Qinghai,West,2022,565,547,0.968141592920354
青海省,Qinghai,West,2023,565,570,1.008849557522124
青海省,Qinghai,West,2024,565,570,1.008849557522124
黑龙江省,Heilongjiang,Northeast,2005,0,0,
黑龙江省,Heilongjiang,Northeast,2006,0,95,
黑龙江省,Heilongjiang,Northeast,2007,76,95,1.25
黑龙江省,Heilongjiang,Northeast,2008,76,95,1.25
黑龙江省,Heilongjiang,Northeast,2009,161,262,1.6273291925465838
黑龙江省,Heilongjiang,Northeast,2010,161,262,1.6273291925465838
黑龙江省,Heilongjiang,Northeast,2011,210,322,1.5333333333333334
黑龙江省,Heilongjiang,Northeast,2012,211,322,1.5260663507109005
黑龙江省,Heilongjiang,Northeast,2013,273,385,1.4102564102564104
黑龙江省,Heilongjiang,Northeast,2014,274,385,1.405109489051095
黑龙江省,Heilongjiang,Northeast,2015,275,385,1.4
黑龙江省,Heilongjiang,Northeast,2016,353,502,1.4220963172804533
黑龙江省,Heilongjiang,Northeast,2017,354,502,1.4180790960451977
黑龙江省,Heilongjiang,Northeast,2018,354,502,1.4180790960451977
黑龙江省,Heilongjiang,Northeast,2019,487,502,1.0308008213552362
黑龙江省,Heilongjiang,Northeast,2020,487,502,1.0308008213552362
黑龙江省,Heilongjiang,Northeast,2021,487,613,1.2587268993839835
黑龙江省,Heilongjiang,Northeast,2022,487,613,1.2587268993839835
黑龙江省,Heilongjiang,Northeast,2023,487,613,1.2587268993839835
黑龙江省,Heilongjiang,Northeast,2024,617,613,0.993517017828201
